"","SD_mort","La_r","gen_r","M_repo","M_suv","gini_r","species_match","PCA_met_type"
"1",0.619324664464407,-0.505171856771477,-1.08640275536289,1.70187596485932,-0.395376720826314,0.261024466706815,"Cyprinus_carpio","ecto"
"2",1.06923367936613,0.292309127812778,-0.788775347055488,2.65638596788542,-0.783587649153202,0.392109303990439,"Esox_lucius","ecto"
"3",1.2425012398728,0.488085566156303,-0.127872719691817,1.67964794076702,-0.00172447828252814,-0.0142268995285737,"Maccullochella_peelii","ecto"
"4",0.254702577860629,-0.262881339446547,-1.1208032776715,1.52960916739326,-0.57510890977851,0.553877041712979,"Macquaria_ambigua","ecto"
"5",-1.15321606520642,0.106179533931733,-1.47091306032188,1.47359070044239,-1.70963978644933,1.80854261946028,"Oncorhynchus_tshawytscha","ecto"
"6",-1.40314915571159,0.106179533931729,-1.46117953209393,1.65917739951341,-1.67518634230354,1.80854261946028,"Oncorhynchus_tshawytscha","ecto"
"7",-1.15321199927596,-0.314690399105398,-1.45510845471448,1.60161621879009,-1.29787740325402,1.62386888163756,"Oncorhynchus_tshawytscha","ecto"
"8",-1.38677087825044,-0.314690399105398,-1.53166434504293,1.53736867141102,-1.38333310265971,1.2832473827781,"Oncorhynchus_tshawytscha","ecto"
"9",-0.615410624073133,0.49939359453154,-0.978596632455856,1.60161516846611,-1.59911511332944,0.461451119029382,"Salvelinus_confluentus","ecto"
"10",-0.615158899577445,-0.859130624245273,-1.36724706564427,1.64554131034333,-1.79455839236132,-2.75192443587451,"Salvelinus_confluentus","ecto"
"11",1.58729235762685,0.547577883883569,0.845133797601841,-0.514316307670065,1.06329403314023,0.205007304669505,"Anarhynchus_frontalis","endo"
"12",-1.04379650620886,-1.5799599830854,-1.16253306165497,-2.56653484173824,-1.19906534203776,1.05585064877639,"Anas_fulvigula","endo"
"13",-1.10888153517912,-1.58663135036691,-1.46576095969707,-0.140348034986053,-0.944018071171168,0.941751960389715,"Anas_platyrhynchos","endo"
"14",-1.22853515824646,-1.58663135036691,-1.47238538361606,0.142897956795158,-0.768964265099399,0.944617216386775,"Anas_platyrhynchos","endo"
"15",-0.939991432652821,0.582120145107959,-0.0928286637929625,0.0708187267419026,0.543252615378048,0.985358355859766,"Coragyps_atratus","endo"
"16",-0.717445076964073,1.23417412206299,0.368243544290115,-0.127041312813811,0.511346396896882,1.02143675325026,"Coragyps_atratus","endo"
"17",-0.603220727462125,0.195644475913614,-1.19493537331748,0.822953547164671,-0.440899372313728,0.398449393393374,"Hirundo_rustica","endo"
"18",-0.874185136437598,-0.938289252636987,-0.778406883552445,0.668774173803712,-0.739729592461474,0.865078709446215,"Jynx_torquilla","endo"
"19",-1.24860741151836,0.461656842845195,-0.182521817487975,-0.998661774527124,-0.0513303176291765,0.95671512181864,"Pernis_apivorus","endo"
"20",-1.24860741151836,0.461656842845195,-0.316321170375426,-0.55673867710709,-0.0513303176291765,0.95671512181864,"Pernis_apivorus","endo"
"21",0.697720700722107,0.291987820261765,-0.365508142443311,0.439584498719717,0.0207575366220634,0.711693646180632,"Phalacrocorax_auritus","endo"
"22",0.851678444241194,0.291987820261761,-0.355643334472409,0.812073251355177,-0.0885902465415124,0.485927373610688,"Phalacrocorax_auritus","endo"
"23",0.25823784312985,-0.0737083035474138,-0.542446721511333,0.517455470529188,-0.051971999060419,0.805668256894131,"Picoides_borealis","endo"
"24",0.0121079025894315,-0.0737083035474138,-0.669043239356198,0.401507671788865,-0.290582093116668,0.809336250599589,"Picoides_borealis","endo"
"25",-0.895639059476933,1.45377128795067,0.882759449032713,-1.39832537183362,0.25013073947424,0.840509614027264,"Thalassarche_melanophris","endo"
"26",-0.877794073565439,-0.622895868090454,-1.95622143389874,1.88647439353684,-1.21982246495643,0.634083417710315,"Tympanuchus_cupido","endo"
"27",-0.582826078307151,-0.675525281418462,-0.762066302960888,0.120278892834763,-0.666616855300263,0.593910340063049,"Vermivora_chrysoptera","endo"
"28",-0.463238215738393,-0.675525281418462,-0.709671014291088,0.133060169388847,-0.600919699368664,0.555736583659886,"Vermivora_chrysoptera","endo"
"29",0.363017882443715,0.5321927986105,-0.144000928904306,1.29784044711131,-0.674207275340616,-1.64865031883397,"Haliotis_rufescens","ecto"
"30",1.41963372112574,-1.09273531887535,-1.15904575956667,1.49008698528682,0.290573286608357,0.899926967101028,"Alces_alces","endo"
"31",0.319539237053206,-0.930625981007181,-0.98721604629893,0.758455147451263,-0.709464212345371,1.55274813603062,"Arctocephalus_australis","endo"
"32",-1.18678407809061,-0.7879493065233,-0.180625893002651,-0.958779061294285,0.4298274166212,1.11511999537789,"Hippocamelus_bisulcus","endo"
"33",-1.92885943730501,-0.7879493065233,-0.889471989774385,-0.981136674862136,-0.590082515668545,1.21655357344553,"Hippocamelus_bisulcus","endo"
"34",-1.92885943730501,-0.7879493065233,-1.24471890067649,-0.0261262273358336,-0.590082515668545,1.21655357344553,"Hippocamelus_bisulcus","endo"
"35",-0.332035760393501,-0.975546087149956,-1.33470043889737,0.601934037332833,-0.895916135925409,0.684897716703517,"Lontra_canadensis","endo"
"36",-1.10597040474931,-0.919769869268082,-1.6172081129085,0.396651010846199,-1.10720693336261,0.438099641667488,"Marmota_flaviventris","endo"
"37",-0.664144970278496,-0.919769869268082,-1.51620316391512,1.0393840801902,-1.18131294759556,-0.845505874747343,"Marmota_flaviventris","endo"
"38",-0.40350148005318,-0.919769869268082,-1.58015344908333,1.16756298713314,-1.52237190166395,-0.55408455806758,"Marmota_flaviventris","endo"
"39",-0.544048474457911,-0.919769869268082,-1.60354071233441,0.687359435170491,-1.35529149452657,0.14333395893536,"Marmota_flaviventris","endo"
"40",-0.591157383410428,-0.919769869268082,-1.41483939968675,1.03080382421585,-1.1028556998457,-0.861507711889166,"Marmota_flaviventris","endo"
"41",-0.897139234052053,-0.919769869268082,-1.5078392233413,1.01057460965849,-1.1281256334515,-0.865342202293384,"Marmota_flaviventris","endo"
"42",-0.38637841841502,-0.919769869268082,-1.66101867928812,0.533636218300149,-1.63065564418467,0.670548185128376,"Marmota_flaviventris","endo"
"43",-0.582902570964788,-0.919769869268082,-1.81236683122958,0.653696165160263,-1.52194495984998,0.731452575897164,"Marmota_flaviventris","endo"
"44",-1.05363745345051,-0.850470111018089,-1.57709299354539,0.274753491702763,-1.0527113882433,0.650954276418097,"Marmota_flaviventris","endo"
"45",0.0726267170508161,-0.850470111018089,-1.04313035808297,0.820063489520535,-0.984349608409276,0.0357590193268911,"Marmota_flaviventris","endo"
"46",-0.100396438320919,-0.850470111018089,-1.37321500807769,0.944024701891405,-1.37182266096978,0.0806276624557569,"Marmota_flaviventris","endo"
"47",-0.445735389253563,-0.850470111018089,-1.40588627101426,0.52822343989262,-1.27132583066937,0.239478049544715,"Marmota_flaviventris","endo"
"48",0.247651067929708,-0.850470111018089,-1.1851458241828,0.781261260952191,-0.951708688808741,0.633124734920578,"Marmota_flaviventris","endo"
"49",-0.160173067175956,-0.850470111018089,-1.28508082399739,0.757752546230632,-0.997890597838046,0.486511427568552,"Marmota_flaviventris","endo"
"50",-0.320642742979999,-0.850470111018089,-1.08423828983954,0.364574688461759,-1.59254615019819,-0.48524721196467,"Marmota_flaviventris","endo"
"51",-0.868736415045494,-0.850470111018089,-1.74079190616958,0.233926079096945,-1.38671835845144,0.958721243977928,"Marmota_flaviventris","endo"
"52",-0.601498588660303,-1.18043172233198,-0.890545252712096,0.252414926758394,-1.37782279328999,-0.357823558316165,"Mustela_erminea","endo"
"53",-0.480745724067124,-1.18043172233198,-1.11058658202614,0.0956118757660546,-0.939740876150244,0.773350791375472,"Mustela_erminea","endo"
"54",-1.24860741151836,0.461656842845195,-0.182521817487975,-0.998661774527124,-0.0513303176291765,0.95671512181864,"Pernis_apivorus","endo"
"55",-1.24860741151836,0.461656842845195,-0.316321170375426,-0.55673867710709,-0.0513303176291765,0.95671512181864,"Pernis_apivorus","endo"
"56",-0.0363218113527744,-0.908562498570053,-1.48233430075196,1.1294050171655,-1.21662359995556,-0.353793800920266,"Phacochoerus_aethiopicus","endo"
"57",-0.724371382570511,-0.970363837350817,-0.236940475979793,-1.1856745757357,-0.269288304507267,0.774862011880135,"Physeter_macrocephalus","endo"
"58",-1.02733762026901,-1.06497039596576,-1.89823513002255,1.25463347602025,-0.80355659925381,1.05765620197661,"Lycalopex_culpaeus","endo"
"59",-1.01517927473106,-1.3753650657716,-1.35287954008241,1.20884670896762,-1.26638838211959,1.25009153770493,"Urocitellus_armatus","endo"
"60",-0.553522087605974,-1.3753650657716,-1.39510387932894,0.862220844102,-1.11925304488716,0.776834449567785,"Urocitellus_armatus","endo"
"61",-0.90426880209892,-1.3753650657716,-1.40625080438483,0.967685878461329,-1.16604970950378,0.872386127051679,"Urocitellus_armatus","endo"
"62",-1.15173204833396,0.132511800813405,-1.21363563962714,0.118467078620221,-1.01135905590104,1.04129725853108,"Urocitellus_columbianus","endo"
"63",-1.02299928279372,0.132511800813405,-0.778096041961918,-0.438733322091098,-0.611528459170904,0.80603238891897,"Urocitellus_columbianus","endo"
"64",3.51976798359753,2.0063543647167,1.68301371226384,1.82886066192716,1.35576183215107,-0.474283876869641,"Kinosternon_flavescens","ecto"
"65",0.395944438791048,1.15717433207391,0.208650534210098,0.325761798355671,-0.130430836830818,-0.887757821374597,"Kinosternon_integrum","ecto"
"66",-0.946486180775052,1.08872089102876,1.89666531987717,0.497675878495157,0.685742233267364,0.0812835172501729,"Kinosternon_integrum","ecto"
"67",0.417564324860046,1.06423745533297,0.043191842767799,0.232573656319384,-0.0996950139981745,0.505896639507675,"Vipera_aspis","ecto"
"68",-0.89953355831345,0.740005421718314,-0.881220730391523,1.56370872751382,-0.145316754222272,0.263046550748358,"Ammocrypta_pellucida","ecto"
"69",-0.471497333575387,0.742422702150722,-0.78691976049796,1.53176163212221,-0.647300677868006,0.546728338125989,"Astroblepus_ubidiai","ecto"
"70",-0.0694366957464379,0.399583031264369,-0.653297954691337,0.309516984985173,-0.377070269753539,1.01037563530403,"Genypterus_blacodes","ecto"
"71",-1.37399335831173,0.385793914589861,-1.06866128160291,0.381989336050676,-1.31603277952442,1.72613895938545,"Genypterus_blacodes","ecto"
"72",-1.27154338805906,-0.314690399105398,-1.47554896548969,1.69653632076927,-1.3235085214481,1.63421590946877,"Oncorhynchus_tshawytscha","ecto"
"73",-1.27557570404071,0.106179533931726,-1.46999308833201,1.67657967852379,-1.69227976459583,1.80854261946028,"Oncorhynchus_tshawytscha","ecto"
"74",-1.26750749456691,-0.314690399105398,-1.48079227281895,1.7131407355457,-1.34051228729772,1.48716836837985,"Oncorhynchus_tshawytscha","ecto"
"75",-0.176645313722713,0.666927671910717,-0.635782280770483,1.18163813816481,-0.305009932944383,0.699938101066409,"Stellifer_illecebrosus","ecto"
"76",-0.667614606811827,0.531245713017325,-0.888185161606491,0.476450521106187,-0.0595468501292825,0.557375150385679,"Zingel_asper","ecto"
"77",-0.652862373698401,0.531245713017325,-0.92468533474657,1.13670587149034,0.082742622791984,0.557236583220628,"Zingel_asper","ecto"
"78",-0.719141523652091,0.531245713017325,-0.823664925967016,-0.648839215086592,-0.26248633230034,0.647322145684193,"Zingel_asper","ecto"
"79",0.935928830149574,1.41903836788187,1.60096690476459,-1.29368547402119,0.613096724145566,-1.39817266152036,"Paramuricea_clavata","ecto"
"80",-0.210797667134428,1.35809294067998,1.35744071307235,-2.38665341492453,-0.00588127448987874,-1.45570102808601,"Paramuricea_clavata","ecto"
"81",0.270677926129527,1.12396471690571,1.22506054608687,-1.64890701582475,0.124789293897771,-1.16746909224707,"Paramuricea_clavata","ecto"
"82",1.00912148771268,1.10159366740737,1.65123551985654,-0.842045594979452,0.733596681333558,-1.44075588264751,"Paramuricea_clavata","ecto"
"83",0.932122046390568,1.4226059159875,1.60653180643539,-1.29218867353867,0.629811922791254,-1.44108390064215,"Paramuricea_clavata","ecto"
"84",1.44730434697398,0.874226198246111,1.81658102276957,-0.529839071483707,0.978672566642014,-1.2869912068321,"Paramuricea_clavata","ecto"
"85",-0.743465746600569,1.33844964226161,0.19275745299861,-0.0428309995269,0.752366057519169,0.0716062471236977,"Amazona_vittata","endo"
"86",-0.393237670234096,0.206880544450915,-1.02348172896454,0.493275460395602,-0.291687043522774,0.468387439417812,"Ammodramus_savannarum","endo"
"87",-0.393237670234096,0.206880544450915,-1.04602367369089,0.574789705029945,-0.291687043522774,0.468387439417812,"Ammodramus_savannarum","endo"
"88",-1.14650321734735,-0.565907195642293,-0.947456978965662,0.523720507738817,0.454295464844121,0.833379530888243,"Anas_laysanensis","endo"
"89",-0.95550380193352,-0.213965695612843,-1.07813539640721,0.83482904791462,-0.128510704075236,0.943065422681091,"Anser_anser","endo"
"90",-0.782987147199795,-0.213965695612843,-0.926520645400048,0.927558171248673,0.296412610370548,0.916259931193548,"Anser_anser","endo"
"91",-1.01705709367656,-0.213965695612843,-1.19140041859454,0.733440045716417,-0.435289966740259,1.02394961027633,"Anser_anser","endo"
"92",-0.978734462714645,-0.802599248426597,-0.881135700308446,0.407281587821899,-0.210748061290747,0.733871933218972,"Chen_caerulescens","endo"
"93",1.07916298321871,0.413191326613508,-0.23881349912938,1.33776145997153,1.44033268498634,0.857423550091238,"Anthropoides_paradiseus","endo"
"94",-0.95149721953068,-1.44620788665308,-1.51180372216821,-0.00871597184217443,-1.21626254790272,0.971773996915381,"Bonasa_umbellus","endo"
"95",-1.13361337598131,-1.44620788665308,-1.55389820646589,-0.00670510270581643,-1.39967592685174,0.74205917989927,"Bonasa_umbellus","endo"
"96",-1.25926901013578,-1.44620788665308,-1.57751163625393,0.0311967915937194,-1.26809177995801,0.87132636325309,"Bonasa_umbellus","endo"
"97",-1.04016286026446,-1.44620788665308,-1.4426170121201,-0.421396732364466,-1.15212837161545,0.847918739693905,"Bonasa_umbellus","endo"
"98",-0.896734876845231,-1.44620788665308,-1.34954551358896,0.385394792294549,-0.891488162862094,0.959221039521903,"Bonasa_umbellus","endo"
"99",-1.00984104119742,-1.44620788665308,-1.29335490560238,-1.15004390040855,-1.17637420097346,0.814118915035675,"Bonasa_umbellus","endo"
"100",-1.03841152824614,-1.44620788665308,-1.53229581771906,-0.810242514042812,-1.29188759555021,1.0243502313034,"Bonasa_umbellus","endo"
"101",-1.05493032652961,-1.44620788665308,-1.43311480958883,0.760173875764273,-1.28883134456776,0.883187096782481,"Bonasa_umbellus","endo"
"102",-0.678122076933522,-0.0939547643152126,-0.658357163541464,0.00138569738013544,-0.517314954369559,0.601364030513544,"Bostrychia_hagedash","endo"
"103",1.24299282776667,0.539287461574609,0.409826393087205,-0.287950890181982,0.547863025625249,0.499493677516555,"Buteo_solitarius","endo"
"104",-0.413085122516186,0.539287461574609,0.603021951296495,-0.856502552322665,1.31939510534601,0.82837617794817,"Buteo_solitarius","endo"
"105",-0.413085122516186,0.539287461574609,0.843952257457479,-1.37150579726076,1.31939510534601,0.82837617794817,"Buteo_solitarius","endo"
"106",1.46480250928609,0.539287461574609,0.688186807003241,-0.506222356626079,1.31939510534601,0.673646836584135,"Buteo_solitarius","endo"
"107",-0.679824621040974,-0.905981652273382,-0.0689148068735394,-1.92783486678678,0.0786600690826074,0.644861678423044,"Calidris_temminckii","endo"
"108",-0.679824621040974,-0.905981652273382,-0.475181039530119,-0.537028339817102,0.0786600690826074,0.683021610793074,"Calidris_temminckii","endo"
"109",0.286155050660656,0.1695911413919,0.23178092671201,-0.538469359198977,0.954155352004044,0.715424746801335,"Calyptorhynchus_lathami","endo"
"110",0.506522138993072,0.878279029699668,0.476701037974197,-0.380992053153362,0.91947793050453,0.781979872605151,"Calyptorhynchus_lathami","endo"
"111",-0.886052225557232,-0.104647173129468,-1.48620952210788,-0.0780182952212106,-1.29447018006157,1.25360744645151,"Centrocercus_minimus","endo"
"112",-0.291183598150411,-0.104647173129468,-1.09925236855542,0.0659956005873343,-1.01075331158649,0.899873908389495,"Centrocercus_minimus","endo"
"113",0.126685825666795,-0.778831451553302,-1.44581926507225,1.34606029823082,-0.12242263058287,0.70783347021317,"Ciconia_ciconia","endo"
"114",-0.323705843096213,-0.678674162653725,-0.226319880558602,0.851573600479645,-0.464059288715202,0.579659135111368,"Setophaga_cerulea","endo"
"115",1.80388712591221,1.42227964798174,2.02947810042624,-1.55130624369816,0.780279024453594,-0.480497854007157,"Thalassarche_melanophris","endo"
"116",-0.165349972002136,-0.196748684045281,-1.19755530342813,1.02675465667386,-0.167822968439895,0.544081524462833,"Falco_naumanni","endo"
"117",1.25012637484484,-0.584639582168717,-0.099534649785065,0.326650962919316,0.0454732007860279,0.226618571587,"Falco_peregrinus","endo"
"118",0.0435038283319799,0.0471773989433984,-0.689633974816643,0.352150456264449,-0.0922914588566427,0.768783579629606,"Falco_peregrinus","endo"
"119",-0.538491984793665,0.447947577858696,0.230549170249233,-0.844873275761701,-0.295957818347177,0.201764135164606,"Forpus_passerinus","endo"
"120",-1.14022562372165,1.5812122818676,1.12298662460782,-1.76177617517618,0.795244138803863,1.02905601517873,"Fulmarus_glacialis","endo"
"121",1.33245472593747,-1.84425140728185,0.106176957427646,0.263714832818377,-0.831466277674487,0.33719392387421,"Gavia_immer","endo"
"122",1.34662937880422,-1.84425140728185,0.037316936106169,0.402172261841441,-0.852668547398493,0.33719392387421,"Gavia_immer","endo"
"123",1.31820503607143,-1.84425140728185,0.1933901078959,0.0880097727190599,-0.810660335355523,0.33719392387421,"Gavia_immer","endo"
"124",-0.101783418662692,0.00519804235117699,-0.277103196888439,0.0539803324479471,0.384055445395849,0.987516948229019,"Gyps_coprotheres","endo"
"125",-0.0227199873662759,0.273514744011882,-0.080268810420197,0.00899142919677343,-0.362557348415575,0.790692760132165,"Haliaeetus_albicilla","endo"
"126",0.282820769260549,0.273514744011876,-0.30369506715324,0.91983050552,-0.362557348415575,0.743064383754276,"Haliaeetus_albicilla","endo"
"127",-0.0209646227566082,0.355549567025203,-0.510738117074867,-0.267648672731843,-0.394818631116157,0.671589440845894,"Himantopus_novaezelandiae","endo"
"128",-0.945265340030591,-1.36785884954217,-1.07831623660495,0.924551892118253,-1.29078009534407,0.679383077489841,"Lagopus_leucura","endo"
"129",-0.796210361716306,-1.36785884954217,-1.15011247628476,0.883433104925111,-1.24894730684337,0.87948279357057,"Lagopus_leucura","endo"
"130",-0.613684834368271,-1.44227148434682,-1.24462142414988,0.676548980752038,-1.05742856937308,0.744212268545854,"Lagopus_muta","endo"
"131",-0.447024601146323,-1.44227148434682,-1.16838823390334,0.296104558618176,-1.1891520394843,0.744212268545861,"Lagopus_muta","endo"
"132",-1.13235446912247,-1.52536035927132,-1.37319282687323,0.93521075658905,-0.715230821645665,1.07287526467422,"Lagopus_muta","endo"
"133",0.594461574065832,-1.66517781149983,-0.646757007606543,1.04856756093101,-0.78976965281913,0.145212829125163,"Milvus_migrans","endo"
"134",-0.582840695558978,-0.889435259900676,-0.878005344789946,0.784152159876206,-0.985201260196918,0.45290122856465,"Passer_domesticus","endo"
"135",-1.24860741151836,0.461656842845195,-0.259763690671313,-0.745297580135172,-0.0513303176291765,0.956715121818647,"Pernis_apivorus","endo"
"136",0.852833502508596,0.291987820261761,-0.394354478106895,0.640686061062562,-0.0352585848061324,0.648102935625508,"Phalacrocorax_auritus","endo"
"137",1.29415915488672,1.32550833648781,0.694001712153383,-0.0798005200038061,0.557955134425,0.823267843199181,"Phoebastria_immutabilis","endo"
"138",-0.312724730369998,0.471620097012338,-0.10784698047369,0.442680810786155,0.532842699065599,-1.68261047275077,"Sternula_antillarum","endo"
"139",1.88305892925821,-1.24112370653552,0.215959895825355,0.859741644199443,0.3084080460506,0.267238796557049,"Sterna_hirundo","endo"
"140",1.71727928309054,-0.227070919092412,0.658917001542258,0.0543738788590669,0.834548221959885,0.0432005887725052,"Sterna_hirundo","endo"
"141",-0.905274007594079,-0.488442775103799,-0.736560044453934,-0.0603247905977955,0.04499988912534,0.719334555722293,"Strix_occidentalis","endo"
"142",-0.9923940196197,-0.133479581080332,-1.34097407856187,0.423928906470596,-0.884223877492957,0.285964628687961,"Turdus_torquatus","endo"
"143",-0.782142010271919,-0.133479581080332,-1.34413789552363,0.555139630441439,-0.820401358633384,0.404974864468692,"Turdus_torquatus","endo"
"144",-1.23777716157765,-0.133479581080332,-1.31327618323593,0.264884936499881,-0.944584518166174,0.107535446310755,"Turdus_torquatus","endo"
"145",-0.618245040699251,-0.675525281418462,-0.736892085422691,0.127017890300284,-0.634782786599716,0.475084431121134,"Vermivora_chrysoptera","endo"
"146",2.1989591491709,-0.165360567176787,-0.430951780641708,2.68602610853728,1.34743044411198,-0.0567288973001102,"Mya_arenaria","ecto"
"147",0.746164320848543,0.271788797698196,0.7623804903425,-0.624720171828499,0.0538197677047422,-1.13522584755673,"Nuttallia_obscurata","ecto"
"148",-0.966088153945193,-1.27478480285324,-0.0621480384636197,-2.12897990965463,-0.0667487407359767,0.645029005751146,"Amphimedon_compressa","ecto"
"149",-1.15619877415906,0.936111109902427,-0.386216170450713,0.546906053901729,-0.682180718865104,0.0335250574858836,"Isurus_oxyrinchus","ecto"
"150",-1.10538788407254,0.92720309019536,-0.316626256205875,0.392436946250054,-0.690176425781365,0.0585132557249194,"Isurus_oxyrinchus","ecto"
"151",2.44444066512061,0.759118802723808,0.144163584274834,2.20652458943066,1.57102672238426,-0.211302712662253,"Haliotis_laevigata","ecto"
"152",0.325746027726473,0.556477064656718,0.0855447185160186,0.350184370259207,0.781515325532295,0.176950227064852,"Umbonium_costatum","ecto"
"153",0.0107531590477604,-1.13136944558148,-1.35066157972691,1.18255288005287,-0.373397919212219,0.714062277850085,"Alces_alces","endo"
"154",0.857012017588621,-1.13136944558148,-1.26451577390365,1.59075931155754,-0.236574363100707,0.462522574391923,"Alces_alces","endo"
"155",-1.90949130055293,-1.78418392405935,-2.02719596819944,0.748004658150498,-0.976540331711531,-0.161234878575491,"Alces_alces","endo"
"156",-0.880327611752886,-1.7499999486917,-2.01773939619416,1.1744436877715,-1.45855372095255,1.12869425361423,"Alces_alces","endo"
"157",-2.0183546772728,-1.30842958713037,-1.93468478011433,1.81489617823929,-0.726385366191647,-1.7304912718737,"Canis_lupus","endo"
"158",-0.199661268816735,0.992882168972404,1.22433437245016,-1.09482074494152,1.50769548247162,0.927961724471558,"Cebus_capucinus","endo"
"159",-1.60579388138094,1.02207960994006,0.62946755245326,-0.790906069461469,0.868423356973576,1.11850801160111,"Cercopithecus_mitis","endo"
"160",-3.74090735889959,-1.08452086090202,-1.34032325024378,0.45805425579034,-0.448961902628013,-0.61724724382942,"Cervus_elaphus","endo"
"161",0.813613856946357,-1.66470655092999,-1.34958470327545,1.64613768322181,-0.934901339347203,0.298553991569355,"Cervus_elaphus","endo"
"162",0.928118139372026,-1.66470655092999,-1.30748092053451,1.60816210387219,-0.79454494823126,0.319634599081821,"Cervus_elaphus","endo"
"163",0.458375196802063,-1.66470655092999,-1.41609455370764,1.22876344600946,-0.660252061781123,0.597058005619056,"Cervus_elaphus","endo"
"164",0.43396809874774,-0.342162055912841,-0.807583230768817,0.738471954803296,0.288270418977446,0.688643405671573,"Eidolon_helvum","endo"
"165",-1.18073824679698,0.712102137664586,0.105552350621787,0.395313084247172,0.350160644855148,1.06768353260182,"Elephas_maximus","endo"
"166",-1.42491887833837,0.743756549692963,0.901077587580958,-1.00282102321163,1.26493426289784,1.29743848852831,"Gorilla_beringei","endo"
"167",-1.11307611765066,0.0377640720644183,0.0452272430267232,0.0554199917923004,1.21670705358245,0.993319222519122,"Macaca_mulatta","endo"
"168",-1.19764467086915,0.0377640720644183,-0.0782964139391195,0.041729637507595,0.972060515164734,1.01226813375387,"Macaca_mulatta","endo"
"169",-0.977929476747602,0.0377640720644183,0.189291471438921,0.0700468207695679,1.53145498413656,0.988035670621548,"Macaca_mulatta","endo"
"170",-0.712583202740717,-0.396894977647218,-0.501515438581175,-0.00602577549710481,-0.0656805258454729,0.804950993374789,"Macaca_mulatta","endo"
"171",-1.11857155955628,0.0377640720644183,-0.0754307613158266,0.0251232423470316,0.919688322472062,1.00278174537177,"Macaca_mulatta","endo"
"172",-0.956492608780494,-1.86973221889507,-1.55932262518191,0.161940909473021,-1.01461063819646,1.02915233869663,"Macropus_eugenii","endo"
"173",-0.935176644443514,-1.86973221889507,-1.53258703243745,0.394825501116246,-0.923905095859212,0.994430688441082,"Macropus_eugenii","endo"
"174",-0.908411416977832,-1.86973221889507,-1.48555842561449,-0.140013436286373,-1.03457582682027,1.01366446642911,"Macropus_eugenii","endo"
"175",-1.03359806546478,-1.86973221889507,-1.63130940319805,0.190046142634435,-1.07641779504166,1.04424800163496,"Macropus_eugenii","endo"
"176",-0.653750837950409,-0.919769869268082,-1.5847796241183,0.877439442236327,-1.32014173396622,-0.205667694245032,"Marmota_flaviventris","endo"
"177",-0.397413174419076,-0.850470111018089,-1.37381616219334,0.645291895121094,-1.21921255719454,0.24069702915159,"Marmota_flaviventris","endo"
"178",-1.09673182910972,-0.391751198213587,-1.26570271361674,0.475217913261134,-1.25583466713558,1.394589604835,"Mirounga_leonina","endo"
"179",-0.51183344082346,-1.18043172233198,-0.529546534090897,1.41096330738734,-1.04597572405336,0.543088469401937,"Mustela_erminea","endo"
"180",-0.179234279628005,-1.36911966324714,-1.42401062105811,0.786454008004043,-1.37527067296626,0.267601244457979,"Odocoileus_virginianus","endo"
"181",0.339189396620613,-1.36911966324714,-1.31379640336581,0.968238806315363,-0.922274740220175,0.537277436290796,"Odocoileus_virginianus","endo"
"182",0.671052618300033,-1.36911966324714,-1.26360153214739,1.13933472873497,-0.519660665463434,0.617120776690076,"Odocoileus_virginianus","endo"
"183",0.273909181728518,-1.36911966324714,-1.10592305530904,0.838131737258939,-0.922274740220175,0.259560797518096,"Odocoileus_virginianus","endo"
"184",0.487210070724245,-1.36911966324714,-1.16939431576669,0.984292855285348,-0.741533153236772,0.463717704490416,"Odocoileus_virginianus","endo"
"185",0.709625212304592,-1.36911966324714,-1.20976492446671,1.13892793795,-0.52515322227903,0.555106781960508,"Odocoileus_virginianus","endo"
"186",0.339189396620613,-1.36911966324714,-1.22948908230003,0.845380654581104,-0.922274740220175,0.487601111309689,"Odocoileus_virginianus","endo"
"187",0.406003817618491,-1.36911966324714,-1.39673673916636,1.00856174536287,-0.741533153236772,0.711860505844003,"Odocoileus_virginianus","endo"
"188",0.414052302343267,-1.36911966324714,-1.4538990554957,1.17264060071173,-0.533132364012568,0.765120850649421,"Odocoileus_virginianus","endo"
"189",0.339189396620613,-1.36911966324714,-1.22948908230003,0.845380654581104,-0.922274740220175,0.487601111309689,"Odocoileus_virginianus","endo"
"190",0.591214784403959,-1.36911966324714,-1.25713612690238,1.02138604896081,-0.541054714220531,0.660442831197684,"Odocoileus_virginianus","endo"
"191",0.981952812224438,-1.36911966324714,-1.11636348669514,1.19656540035964,0.0464980992940127,0.764776358494749,"Odocoileus_virginianus","endo"
"192",-0.758460360263188,0.099017649622492,-1.07278383782134,1.13940132488224,-0.451973427705244,0.987841326275131,"Onychogalea_fraenata","endo"
"193",-0.0810689203314049,-0.82523801093545,-0.906299846766997,-0.0416127335791905,-0.952664119329796,0.749059440494026,"Ovis_canadensis","endo"
"194",0.0565879061486793,-0.82523801093545,-0.749785040905268,-0.27917378236114,-0.838680991996226,0.747951757875295,"Ovis_canadensis","endo"
"195",-0.159412843977406,-0.82523801093545,-0.789935082404435,-0.607224364868771,-1.0395799868767,0.664892840272064,"Ovis_canadensis","endo"
"196",0.402490767363718,-0.82523801093545,-0.558583843923708,-0.0876281297440764,-0.446901137172672,0.794129651897147,"Ovis_canadensis","endo"
"197",0.402490767363718,-0.82523801093545,-0.58354700508163,-0.0224272020929837,-0.446901137172672,0.794579446650709,"Ovis_canadensis","endo"
"198",-0.52088103781413,-0.82523801093545,-1.25566447399373,0.0372892352203312,-1.42064779802597,0.551800915481826,"Ovis_canadensis","endo"
"199",-0.149551531421628,-0.82523801093545,-1.10567582586822,0.261151330310035,-1.10886099870433,0.716264784873586,"Ovis_canadensis","endo"
"200",-0.161651233703673,-0.82523801093545,-0.796428562563467,-0.576338562957197,-1.03446234335446,0.653971268259776,"Ovis_canadensis","endo"
"201",-0.0822689998788036,-0.82523801093545,-1.02320699744725,0.322181626074743,-0.949208402473667,0.741627732353942,"Ovis_canadensis","endo"
"202",-0.785993135042164,-0.786603884229313,-0.883426749233853,0.218589296414179,0.078029037149523,1.10024257902294,"Ovis_canadensis","endo"
"203",-0.804624829088268,-0.786603884229313,-0.911391414029652,0.266162587636044,0.0672745041601713,1.09529774045121,"Ovis_canadensis","endo"
"204",-1.56181934372648,-0.786603884229313,-0.434318033572617,0.300968247487284,1.34075854130869,1.098597879998,"Ovis_canadensis","endo"
"205",-0.460633167419362,-0.786603884229313,-1.05764558948978,0.0742460653669752,-0.491913573307083,1.07779294396754,"Ovis_canadensis","endo"
"206",-0.758210645492839,-0.786603884229313,-0.907729653200146,0.0822197855142567,-0.116095222846776,1.08129973535112,"Ovis_canadensis","endo"
"207",-0.399491250976106,-0.786603884229313,-1.10158369292068,0.0769437954379079,-0.618058090257002,1.04312454962136,"Ovis_canadensis","endo"
"208",-0.71719078325145,-0.786603884229313,-1.11669855103612,0.145412487426442,-0.473960192071484,1.08608212855845,"Ovis_canadensis","endo"
"209",-1.41940100698202,1.6121245587104,1.08545359486116,-1.56518669844004,0.510210201287748,1.3409397205187,"Pan_troglodytes","endo"
"210",0.677813651164683,-0.337713342886347,-0.948826305678398,0.892317365099374,-0.552090852521164,0.883376490708031,"Panthera_pardus","endo"
"211",-0.596994246194624,0.633854157516298,0.453369537252009,-0.303671126334938,0.898466601521767,1.05656758118391,"Papio_cynocephalus","endo"
"212",-0.435605441679751,-0.244839987008808,-1.03387262534826,0.122935987547147,-0.765468619303761,0.956296588993903,"Martes_pennanti","endo"
"213",1.14153279913128,-1.67754848422271,-0.436204204760576,0.394215261064539,-0.246773973690051,0.0259255570018029,"Phocarctos_hookeri","endo"
"214",0.822871531156177,-0.0987325899081427,0.241128992642161,-0.330538014775004,0.982748396346032,0.656990879914449,"Propithecus_edwardsi","endo"
"215",0.822871531156177,-0.0987325899081427,0.79147381278777,-1.34090099024304,0.982748396346032,0.656990879914449,"Propithecus_edwardsi","endo"
"216",-1.17997717762122,0.93612859558591,0.756531069206266,-1.34822141141565,0.694122534774047,1.04686813786434,"Propithecus_verreauxi","endo"
"217",-0.864413988042958,-0.985117190210186,-1.46705246903053,1.52479563467994,-0.654548512783325,-1.3378909456041,"Rangifer_tarandus","endo"
"218",-2.02670754791827,-0.985117190210186,-1.47078838597616,1.53487024242154,-0.606975582746959,-1.61912805870414,"Rangifer_tarandus","endo"
"219",-0.8789757490763,-1.3753650657716,-1.41928133087815,1.01684774125059,-1.18657830874521,0.960124269269945,"Urocitellus_armatus","endo"
"220",-0.410831774479583,-1.37664274753489,-1.25706059141256,1.15251953601498,-1.02843203962226,0.402759391297125,"Tamiasciurus_hudsonicus","endo"
"221",-0.917870873779726,-0.703325225144904,-1.68578302201059,0.286819692731886,-1.32647739398514,0.360158513288953,"Urocyon_littoralis","endo"
"222",-0.753831980223207,-0.703325225144904,-1.62721034778109,0.358875431964183,-1.20587202994724,0.573674385279935,"Urocyon_littoralis","endo"
"223",-0.11201287376535,-0.200368766068039,-0.917036656028986,0.351824779060253,-0.849472847123073,1.09485040333889,"Ursus_americanus","endo"
"224",-1.13290451619441,-0.509944333175467,-1.75121223122155,0.246103902552695,-1.84202519910901,1.39779623242194,"Ursus_americanus","endo"
"225",0.300827347114059,-0.50627314197006,-0.886609565897897,0.588269829248503,-0.276919022257265,0.814229014188709,"Ursus_americanus","endo"
"226",-0.737559776281219,-0.578001670562818,-1.46078861138666,-0.24061781145333,-1.80699823917583,0.554300675168599,"Ursus_americanus","endo"
"227",-1.0253486978184,0.379629210464149,-0.357150788474135,-1.14077408507442,-0.525353038830206,1.42475112905347,"Ursus_maritimus","endo"
"228",-1.00046641513935,-0.697483212789239,-1.48344792526137,0.280654655986142,-1.15961314528241,0.861733594201798,"Zalophus_californianus","endo"
"229",-2.91735779376734,-0.162399266606645,-1.41765560181672,-0.937385223107425,-1.6430018144376,0.825937881084514,"Zalophus_californianus","endo"
"230",-1.59135672223278,-0.825964184489515,-1.98955407545492,0.446041330142368,-1.7009210618978,1.17292119070266,"Zalophus_californianus","endo"
"231",0.774284596007414,-0.892748976026193,-0.822338292864114,0.660725701185023,-0.436545708150828,0.541586772180706,"Zalophus_californianus","endo"
"232",1.68375832129423,-0.861350089374684,-0.403334837936643,0.659810164139614,0.480832031239126,0.701573984540704,"Zalophus_californianus","endo"
"233",-1.14443517620282,-0.576102837106334,-1.5531292540658,0.144841729223266,-1.34134802292221,0.968607126524311,"Zalophus_californianus","endo"
"234",-2.37200744787081,-0.476233326749052,-1.40226027869379,-0.442836042003727,-1.29265659953577,0.780525219114354,"Zalophus_californianus","endo"
"235",-0.0121004939177002,-0.684574055710753,-1.24635852261863,0.566428402398994,-0.874767768256488,0.711107747914245,"Zalophus_californianus","endo"
"236",0.7305859453484,1.06348277508909,0.940560746653811,1.50853574620137,0.619324299948453,-5.34977990788142,"Chelodina_expansa","ecto"
"237",1.24540946990801,1.06348277508903,0.221329962830133,1.1279624283474,0.619324299948453,-2.18169289677306,"Chelodina_expansa","ecto"
"238",0.64358449175618,1.62986779997517,2.05884204414423,1.76266591958964,1.41937969531651,-1.31249037302185,"Chelydra_serpentina","ecto"
"239",0.912835264308752,1.24949986963813,-0.125312063527244,-0.482021873024774,-0.60034177691174,2.39579163226356,"Chrysemys_picta","ecto"
"240",1.95540515200664,1.57451508288439,1.61745883727513,-0.00525031814443438,2.14485697435181,-1.32046191316132,"Clemmys_guttata","ecto"
"241",1.22817589298015,1.01297635973964,0.066617519860569,1.21323631165809,-0.00573236269335087,-1.18518757408327,"Crocodylus_johnsoni","ecto"
"242",1.58472336438943,1.24991884397341,0.216900590753399,1.12936423752359,0.107939046370447,-1.33285408838734,"Crocodylus_johnsoni","ecto"
"243",1.16820072352478,0.91590958224175,0.110268832910092,1.08662375841633,-0.0771643752668043,-1.3013033151447,"Crocodylus_johnsoni","ecto"
"244",0.0469537194773728,0.846276612174175,0.642135496026976,0.187791109732995,0.741003611954431,-0.904839854410609,"Crocodylus_johnsoni","ecto"
"245",0.0928997209549131,-0.0605488783409044,-1.11522394238303,1.17901211983162,-0.47258561804294,0.742763230088593,"Cryptophis_nigrescens","ecto"
"246",0.0735480623402235,-0.951490610252377,-1.36165068906936,0.763976231244128,-1.05969864391525,0.484881700690194,"Drymarchon_couperi","ecto"
"247",-1.00111948195801,0.682242008661116,2.14053386497248,1.59925930835959,1.20748290711686,-2.18625263545094,"Emydura_macquarii","ecto"
"248",0.66115473201644,0.682242008661188,1.17634474431902,1.49226593896169,1.20748290711686,-6.08971708253298,"Emydura_macquarii","ecto"
"249",0.786465332970663,1.21359337328677,0.0969974178428487,0.606757501431892,0.154053183266843,0.74966039634923,"Hoplocephalus_bungaroides","ecto"
"250",0.60453911393072,1.11456586421385,0.643067691947114,0.464303811620179,0.206777910081238,-2.20930994800516,"Kinosternon_integrum","ecto"
"251",2.38217521611859,0.918367511205764,0.615361215420725,1.15086896930437,0.562581235233949,0.380614248133215,"Kinosternon_subrubrum","ecto"
"252",1.80208429393758,0.956341103117021,0.584386694436681,0.936342192121458,0.476007019874445,-0.515077147125649,"Kinosternon_subrubrum","ecto"
"253",2.2375112930992,0.902291329236079,0.380202503936953,1.22536423014234,0.556325076817662,0.87149672113968,"Kinosternon_subrubrum","ecto"
"254",1.15277281581739,0.378564102101079,-0.143375035068113,1.1234530086314,0.548703612225022,-0.512577851645818,"Malaclemys_terrapin","ecto"
"255",-0.473631179540049,0.689186353343823,-0.84329525334966,0.880784677879604,-0.548212517134224,0.529227783131567,"Phrynosoma_cornutum","ecto"
"256",-1.16248996797929,0.689186353343823,-1.08799400872813,0.943753859024826,-0.992507207094762,0.867708422568913,"Phrynosoma_cornutum","ecto"
"257",0.174752115245346,-0.0324107034614564,-1.06022969318409,1.79601884831922,-1.2759495577863,-0.949294441201285,"Podocnemis_lewyana","ecto"
"258",-1.20571655782346,-0.299485482377469,0.646248073881988,1.18631934180015,0.187674453683694,-4.31989321346151,"Podocnemis_expansa","ecto"
"259",0.0905872106600961,0.394856743401955,-0.706798158485295,0.794755281554308,0.25262606037625,0.344999473158643,"Sceloporus_arenicolus","ecto"
"260",0.159459024997251,0.394856743401955,-0.675770474659274,0.726535601748548,0.203869996001074,0.320547638627808,"Sceloporus_arenicolus","ecto"
"261",0.483120692745405,0.394856743401955,-0.460310504144546,0.751287933197862,0.534736358201537,0.180132616400779,"Sceloporus_arenicolus","ecto"
"262",-0.203755145657271,0.394856743401955,-0.940609587656909,0.931476729909197,-0.0252609417697693,0.547353121911901,"Sceloporus_arenicolus","ecto"
"263",0.219867873003615,0.394856743401955,-0.62416099395144,0.767802404163695,0.338955006843294,0.276286280520911,"Sceloporus_arenicolus","ecto"
"264",-0.0996758591001421,0.394856743401955,-0.764125391337025,0.738424392095044,0.203869996001074,0.453593099490232,"Sceloporus_arenicolus","ecto"
"265",0.23190169443741,0.394856743401955,-0.659332314250099,0.798061795668186,0.338955006843294,0.397268513393072,"Sceloporus_arenicolus","ecto"
"266",-0.803454774046076,0.551624248509055,-1.030991914826,0.558133731852935,-0.530218052621032,0.0838915670953061,"Sceloporus_grammicus","ecto"
"267",-0.631386024575849,0.492018411077177,-0.952724801130334,1.26920493820306,-0.0363839179929003,0.59296162930945,"Sceloporus_grammicus","ecto"
"268",-0.97711893730973,0.589525525440364,-0.862120415520098,-0.514919749979611,-0.628126744778572,-0.131231723227692,"Sceloporus_grammicus","ecto"
"269",-0.907431325450739,0.501104988877789,-1.16109004148062,0.179916805306177,-0.726081134447717,0.469927776904493,"Sceloporus_grammicus","ecto"
"270",-0.394023834172474,0.463484575125321,-0.78634907702964,0.550275203248076,-0.245339875599027,-0.623242486100938,"Sceloporus_grammicus","ecto"
"271",-0.944751734249567,0.492937517943699,-1.18625639377212,0.579123410731538,-0.683283692220417,0.379861964357224,"Sceloporus_grammicus","ecto"
"272",-0.55563674992914,0.88070108233437,-0.623195627510267,0.249021312847652,-0.599654159175481,-0.211203099127219,"Sceloporus_grammicus","ecto"
"273",-1.2412052681703,0.506322112162598,-1.07021290693159,-0.442095903181391,-0.739074351728019,0.0592801542200096,"Sceloporus_grammicus","ecto"
"274",-0.709893781112614,0.583438501752177,-0.76227044980121,-0.0204955147216352,-0.39557797090786,-0.448144776231353,"Sceloporus_grammicus","ecto"
"275",0.680300663438481,1.06423745533297,0.113865396295401,0.462674333543799,0.430437828522867,0.651728689655616,"Vipera_aspis","ecto"
"276",-0.834963125509579,0.940622578314832,-0.404481309361757,0.48690746086123,-0.00366280040043898,0.49494770407109,"Xenosaurus_grandis","ecto"
"277",0.053839030994557,1.17527167286053,-0.0818901779045279,0.427669289065976,0.157113173733942,-0.218228618771139,"Xenosaurus_platyceps","ecto"
"278",0.92691883907088,1.47402362769929,0.676232314036334,0.298890100337901,1.06932530484467,-0.674550544442608,"Xenosaurus_platyceps","ecto"
"279",-0.436335970903953,0.952941493857346,-0.507428924666283,0.497347025622197,-0.319774820489191,0.308787649488513,"Xenosaurus_platyceps","ecto"
"280",-1.92726704653381,1.50624856231057,0.870896843025202,-0.696072862064211,1.50326235858726,2.08613904994303,"Homo_sapiens","endo"
"281",-1.26085333708488,1.50624856231056,0.802472866570417,-0.60504429046426,1.62589749399575,2.10660035584727,"Homo_sapiens","endo"
"282",-1.21165972651551,1.50624856231056,0.908201807720822,-0.496169298830805,1.38831703060191,1.94090665233269,"Homo_sapiens","endo"
"283",-1.03857194283511,1.41755662434297,0.670901862294621,-1.09829860799294,1.69754182877406,2.25186364890135,"Homo_sapiens","endo"
"284",-1.96056304655715,1.58986954571181,0.779002390690421,-0.703728339384457,1.4747249793105,2.17667216790536,"Homo_sapiens","endo"
"285",-1.24084949280928,1.66896821043427,0.699304329176909,-1.14441120236902,1.60284241805662,2.47089189292,"Homo_sapiens","endo"
